so_bai,tu,nghia,kieu_mo,job,revision,url,ngay_gio_dang,thoi_luong_thuc_giay,moc_do,luot_xem,giu_chan_2s_phan_tram,giu_chan_3s_phan_tram,giu_chan_5s_phan_tram,xem_trung_binh_giay,xem_het_phan_tram,luot_luu,chia_se,follower_moi,ghi_chu
141,full,no,B-cau-dung-ngay,vocab-full-script-141,1,,,,24h,,,,,,,,,,
141,full,no,B-cau-dung-ngay,vocab-full-script-141,1,,,,72h,,,,,,,,,,
142,fridge,tủ lạnh,A-tinh-huong,vocab-fridge-script-142,1,,,,24h,,,,,,,,,,
142,fridge,tủ lạnh,A-tinh-huong,vocab-fridge-script-142,1,,,,72h,,,,,,,,,,
143,pot,nồi,A-tinh-huong,vocab-pot-script-143,1,,,,24h,,,,,,,,,,
143,pot,nồi,A-tinh-huong,vocab-pot-script-143,1,,,,72h,,,,,,,,,,
144,pan,chảo,B-cau-dung-ngay,vocab-pan-script-144,1,,,,24h,,,,,,,,,,
144,pan,chảo,B-cau-dung-ngay,vocab-pan-script-144,1,,,,72h,,,,,,,,,,
145,knife,con dao,A-tinh-huong,vocab-knife-script-145,1,,,,24h,,,,,,,,,,
145,knife,con dao,A-tinh-huong,vocab-knife-script-145,1,,,,72h,,,,,,,,,,
146,spoon,thìa,B-cau-dung-ngay,vocab-spoon-script-146,1,,,,24h,,,,,,,,,,
146,spoon,thìa,B-cau-dung-ngay,vocab-spoon-script-146,1,,,,72h,,,,,,,,,,
147,fork,nĩa,A-tinh-huong,vocab-fork-script-147,1,,,,24h,,,,,,,,,,
147,fork,nĩa,A-tinh-huong,vocab-fork-script-147,1,,,,72h,,,,,,,,,,
148,chopstick,đũa,A-tinh-huong,vocab-chopstick-script-148,1,,,,24h,,,,,,,,,,
148,chopstick,đũa,A-tinh-huong,vocab-chopstick-script-148,1,,,,72h,,,,,,,,,,
149,bowl,bát,B-cau-dung-ngay,vocab-bowl-script-149,1,,,,24h,,,,,,,,,,
149,bowl,bát,B-cau-dung-ngay,vocab-bowl-script-149,1,,,,72h,,,,,,,,,,
150,plate,đĩa,A-tinh-huong,vocab-plate-script-150,1,,,,24h,,,,,,,,,,
150,plate,đĩa,A-tinh-huong,vocab-plate-script-150,1,,,,72h,,,,,,,,,,
151,cup,cốc,A-tinh-huong,vocab-cup-script-151,1,,,,24h,,,,,,,,,,
151,cup,cốc,A-tinh-huong,vocab-cup-script-151,1,,,,72h,,,,,,,,,,
152,glass,ly thuỷ tinh,B-cau-dung-ngay,vocab-glass-script-152,1,,,,24h,,,,,,,,,,
152,glass,ly thuỷ tinh,B-cau-dung-ngay,vocab-glass-script-152,1,,,,72h,,,,,,,,,,
153,bottle,chai,A-tinh-huong,vocab-bottle-script-153,1,,,,24h,,,,,,,,,,
153,bottle,chai,A-tinh-huong,vocab-bottle-script-153,1,,,,72h,,,,,,,,,,
154,house,căn nhà,B-cau-dung-ngay,vocab-house-script-154,1,,,,24h,,,,,,,,,,
154,house,căn nhà,B-cau-dung-ngay,vocab-house-script-154,1,,,,72h,,,,,,,,,,
155,home,"nhà, tổ ấm",B-cau-dung-ngay,vocab-home-script-155,1,,,,24h,,,,,,,,,,
155,home,"nhà, tổ ấm",B-cau-dung-ngay,vocab-home-script-155,1,,,,72h,,,,,,,,,,
156,apartment,"chung cư, căn hộ",A-tinh-huong,vocab-apartment-script-156,1,,,,24h,,,,,,,,,,
156,apartment,"chung cư, căn hộ",A-tinh-huong,vocab-apartment-script-156,1,,,,72h,,,,,,,,,,
157,room,căn phòng,B-cau-dung-ngay,vocab-room-script-157,1,,,,24h,,,,,,,,,,
157,room,căn phòng,B-cau-dung-ngay,vocab-room-script-157,1,,,,72h,,,,,,,,,,
158,bedroom,phòng ngủ,A-tinh-huong,vocab-bedroom-script-158,1,,,,24h,,,,,,,,,,
158,bedroom,phòng ngủ,A-tinh-huong,vocab-bedroom-script-158,1,,,,72h,,,,,,,,,,
159,living room,phòng khách,B-cau-dung-ngay,vocab-living-room-script-159,1,,,,24h,,,,,,,,,,
159,living room,phòng khách,B-cau-dung-ngay,vocab-living-room-script-159,1,,,,72h,,,,,,,,,,
160,garden,khu vườn,A-tinh-huong,vocab-garden-script-160,1,,,,24h,,,,,,,,,,
160,garden,khu vườn,A-tinh-huong,vocab-garden-script-160,1,,,,72h,,,,,,,,,,
161,door,cửa ra vào,B-cau-dung-ngay,vocab-door-script-161,1,,,,24h,,,,,,,,,,
161,door,cửa ra vào,B-cau-dung-ngay,vocab-door-script-161,1,,,,72h,,,,,,,,,,
162,window,cửa sổ,A-tinh-huong,vocab-window-script-162,1,,,,24h,,,,,,,,,,
162,window,cửa sổ,A-tinh-huong,vocab-window-script-162,1,,,,72h,,,,,,,,,,
163,wall,bức tường,A-tinh-huong,vocab-wall-script-163,1,,,,24h,,,,,,,,,,
163,wall,bức tường,A-tinh-huong,vocab-wall-script-163,1,,,,72h,,,,,,,,,,
164,floor,sàn nhà,B-cau-dung-ngay,vocab-floor-script-164,1,,,,24h,,,,,,,,,,
164,floor,sàn nhà,B-cau-dung-ngay,vocab-floor-script-164,1,,,,72h,,,,,,,,,,
165,table,cái bàn,A-tinh-huong,vocab-table-script-165,1,,,,24h,,,,,,,,,,
165,table,cái bàn,A-tinh-huong,vocab-table-script-165,1,,,,72h,,,,,,,,,,
166,chair,cái ghế,B-cau-dung-ngay,vocab-chair-script-166,1,,,,24h,,,,,,,,,,
166,chair,cái ghế,B-cau-dung-ngay,vocab-chair-script-166,1,,,,72h,,,,,,,,,,
167,sofa,ghế dài,A-tinh-huong,vocab-sofa-script-167,1,,,,24h,,,,,,,,,,
167,sofa,ghế dài,A-tinh-huong,vocab-sofa-script-167,1,,,,72h,,,,,,,,,,
168,bed,giường,B-cau-dung-ngay,vocab-bed-script-168,1,,,,24h,,,,,,,,,,
168,bed,giường,B-cau-dung-ngay,vocab-bed-script-168,1,,,,72h,,,,,,,,,,
169,pillow,gối,A-tinh-huong,vocab-pillow-script-169,1,,,,24h,,,,,,,,,,
169,pillow,gối,A-tinh-huong,vocab-pillow-script-169,1,,,,72h,,,,,,,,,,
170,desk,bàn làm việc,B-cau-dung-ngay,vocab-desk-script-170,1,,,,24h,,,,,,,,,,
170,desk,bàn làm việc,B-cau-dung-ngay,vocab-desk-script-170,1,,,,72h,,,,,,,,,,
171,lamp,đèn bàn,A-tinh-huong,vocab-lamp-script-171,1,,,,24h,,,,,,,,,,
171,lamp,đèn bàn,A-tinh-huong,vocab-lamp-script-171,1,,,,72h,,,,,,,,,,
172,light,"đèn, ánh sáng",B-cau-dung-ngay,vocab-light-script-172,1,,,,24h,,,,,,,,,,
172,light,"đèn, ánh sáng",B-cau-dung-ngay,vocab-light-script-172,1,,,,72h,,,,,,,,,,
173,fan,quạt,A-tinh-huong,vocab-fan-script-173,1,,,,24h,,,,,,,,,,
173,fan,quạt,A-tinh-huong,vocab-fan-script-173,1,,,,72h,,,,,,,,,,
174,clock,đồng hồ treo,A-tinh-huong,vocab-clock-script-174,1,,,,24h,,,,,,,,,,
174,clock,đồng hồ treo,A-tinh-huong,vocab-clock-script-174,1,,,,72h,,,,,,,,,,
175,picture,bức tranh treo tường,B-cau-dung-ngay,vocab-picture-script-175,1,,,,24h,,,,,,,,,,
175,picture,bức tranh treo tường,B-cau-dung-ngay,vocab-picture-script-175,1,,,,72h,,,,,,,,,,
176,build,xây,A-tinh-huong,vocab-build-script-176,1,,,,24h,,,,,,,,,,
176,build,xây,A-tinh-huong,vocab-build-script-176,1,,,,72h,,,,,,,,,,
177,quiet,yên tĩnh,A-tinh-huong,vocab-quiet-script-177,1,,,,24h,,,,,,,,,,
177,quiet,yên tĩnh,A-tinh-huong,vocab-quiet-script-177,1,,,,72h,,,,,,,,,,
178,address,địa chỉ,B-cau-dung-ngay,vocab-address-script-178,1,,,,24h,,,,,,,,,,
178,address,địa chỉ,B-cau-dung-ngay,vocab-address-script-178,1,,,,72h,,,,,,,,,,
179,clothes,quần áo,A-tinh-huong,vocab-clothes-script-179,1,,,,24h,,,,,,,,,,
179,clothes,quần áo,A-tinh-huong,vocab-clothes-script-179,1,,,,72h,,,,,,,,,,
180,shirt,áo sơ mi,A-tinh-huong,vocab-shirt-script-180,1,,,,24h,,,,,,,,,,
180,shirt,áo sơ mi,A-tinh-huong,vocab-shirt-script-180,1,,,,72h,,,,,,,,,,
181,t-shirt,áo thun,B-cau-dung-ngay,vocab-t-shirt-script-181,1,,,,24h,,,,,,,,,,
181,t-shirt,áo thun,B-cau-dung-ngay,vocab-t-shirt-script-181,1,,,,72h,,,,,,,,,,
182,sweater,áo len,A-tinh-huong,vocab-sweater-script-182,1,,,,24h,,,,,,,,,,
182,sweater,áo len,A-tinh-huong,vocab-sweater-script-182,1,,,,72h,,,,,,,,,,
183,jacket,áo khoác,B-cau-dung-ngay,vocab-jacket-script-183,1,,,,24h,,,,,,,,,,
183,jacket,áo khoác,B-cau-dung-ngay,vocab-jacket-script-183,1,,,,72h,,,,,,,,,,
184,coat,áo choàng dày,A-tinh-huong,vocab-coat-script-184,1,,,,24h,,,,,,,,,,
184,coat,áo choàng dày,A-tinh-huong,vocab-coat-script-184,1,,,,72h,,,,,,,,,,
185,trousers,quần dài,A-tinh-huong,vocab-trousers-script-185,1,,,,24h,,,,,,,,,,
185,trousers,quần dài,A-tinh-huong,vocab-trousers-script-185,1,,,,72h,,,,,,,,,,
186,pants,quần,B-cau-dung-ngay,vocab-pants-script-186,1,,,,24h,,,,,,,,,,
186,pants,quần,B-cau-dung-ngay,vocab-pants-script-186,1,,,,72h,,,,,,,,,,
187,jeans,quần bò,B-cau-dung-ngay,vocab-jeans-script-187,1,,,,24h,,,,,,,,,,
187,jeans,quần bò,B-cau-dung-ngay,vocab-jeans-script-187,1,,,,72h,,,,,,,,,,
188,shorts,quần đùi,A-tinh-huong,vocab-shorts-script-188,1,,,,24h,,,,,,,,,,
188,shorts,quần đùi,A-tinh-huong,vocab-shorts-script-188,1,,,,72h,,,,,,,,,,
189,skirt,váy ngắn,A-tinh-huong,vocab-skirt-script-189,1,,,,24h,,,,,,,,,,
189,skirt,váy ngắn,A-tinh-huong,vocab-skirt-script-189,1,,,,72h,,,,,,,,,,
190,dress,váy liền,B-cau-dung-ngay,vocab-dress-script-190,1,,,,24h,,,,,,,,,,
190,dress,váy liền,B-cau-dung-ngay,vocab-dress-script-190,1,,,,72h,,,,,,,,,,
191,sock,tất,A-tinh-huong,vocab-sock-script-191,1,,,,24h,,,,,,,,,,
191,sock,tất,A-tinh-huong,vocab-sock-script-191,1,,,,72h,,,,,,,,,,
192,shoe,giày,B-cau-dung-ngay,vocab-shoe-script-192,1,,,,24h,,,,,,,,,,
192,shoe,giày,B-cau-dung-ngay,vocab-shoe-script-192,1,,,,72h,,,,,,,,,,
193,hat,mũ,A-tinh-huong,vocab-hat-script-193,1,,,,24h,,,,,,,,,,
193,hat,mũ,A-tinh-huong,vocab-hat-script-193,1,,,,72h,,,,,,,,,,
194,cap,mũ lưỡi trai,B-cau-dung-ngay,vocab-cap-script-194,1,,,,24h,,,,,,,,,,
194,cap,mũ lưỡi trai,B-cau-dung-ngay,vocab-cap-script-194,1,,,,72h,,,,,,,,,,
195,bag,túi xách,A-tinh-huong,vocab-bag-script-195,1,,,,24h,,,,,,,,,,
195,bag,túi xách,A-tinh-huong,vocab-bag-script-195,1,,,,72h,,,,,,,,,,
196,backpack,ba lô,B-cau-dung-ngay,vocab-backpack-script-196,1,,,,24h,,,,,,,,,,
196,backpack,ba lô,B-cau-dung-ngay,vocab-backpack-script-196,1,,,,72h,,,,,,,,,,
197,watch,đồng hồ đeo tay,A-tinh-huong,vocab-watch-script-197,1,,,,24h,,,,,,,,,,
197,watch,đồng hồ đeo tay,A-tinh-huong,vocab-watch-script-197,1,,,,72h,,,,,,,,,,
198,glasses,kính mắt,B-cau-dung-ngay,vocab-glasses-script-198,1,,,,24h,,,,,,,,,,
198,glasses,kính mắt,B-cau-dung-ngay,vocab-glasses-script-198,1,,,,72h,,,,,,,,,,
199,pocket,túi áo quần,A-tinh-huong,vocab-pocket-script-199,1,,,,24h,,,,,,,,,,
199,pocket,túi áo quần,A-tinh-huong,vocab-pocket-script-199,1,,,,72h,,,,,,,,,,
200,size,cỡ,B-cau-dung-ngay,vocab-size-script-200,1,,,,24h,,,,,,,,,,
200,size,cỡ,B-cau-dung-ngay,vocab-size-script-200,1,,,,72h,,,,,,,,,,
201,wear,"mặc, đeo",A-tinh-huong,vocab-wear-script-201,1,,,,24h,,,,,,,,,,
201,wear,"mặc, đeo",A-tinh-huong,vocab-wear-script-201,1,,,,72h,,,,,,,,,,
202,put on,mặc vào,B-cau-dung-ngay,vocab-put-on-script-202,1,,,,24h,,,,,,,,,,
202,put on,mặc vào,B-cau-dung-ngay,vocab-put-on-script-202,1,,,,72h,,,,,,,,,,
203,take off,cởi ra,A-tinh-huong,vocab-take-off-script-203,1,,,,24h,,,,,,,,,,
203,take off,cởi ra,A-tinh-huong,vocab-take-off-script-203,1,,,,72h,,,,,,,,,,
204,change,thay đồ,A-tinh-huong,vocab-change-script-204,1,,,,24h,,,,,,,,,,
204,change,thay đồ,A-tinh-huong,vocab-change-script-204,1,,,,72h,,,,,,,,,,
205,shop,cửa hàng,B-cau-dung-ngay,vocab-shop-script-205,1,,,,24h,,,,,,,,,,
205,shop,cửa hàng,B-cau-dung-ngay,vocab-shop-script-205,1,,,,72h,,,,,,,,,,
206,store,cửa hiệu,A-tinh-huong,vocab-store-script-206,1,,,,24h,,,,,,,,,,
206,store,cửa hiệu,A-tinh-huong,vocab-store-script-206,1,,,,72h,,,,,,,,,,
207,market,chợ,B-cau-dung-ngay,vocab-market-script-207,1,,,,24h,,,,,,,,,,
207,market,chợ,B-cau-dung-ngay,vocab-market-script-207,1,,,,72h,,,,,,,,,,
208,supermarket,siêu thị,A-tinh-huong,vocab-supermarket-script-208,1,,,,24h,,,,,,,,,,
208,supermarket,siêu thị,A-tinh-huong,vocab-supermarket-script-208,1,,,,72h,,,,,,,,,,
209,customer,khách hàng,A-tinh-huong,vocab-customer-script-209,1,,,,24h,,,,,,,,,,
209,customer,khách hàng,A-tinh-huong,vocab-customer-script-209,1,,,,72h,,,,,,,,,,
210,buy,mua,B-cau-dung-ngay,vocab-buy-script-210,1,,,,24h,,,,,,,,,,
210,buy,mua,B-cau-dung-ngay,vocab-buy-script-210,1,,,,72h,,,,,,,,,,
211,sell,bán,A-tinh-huong,vocab-sell-script-211,1,,,,24h,,,,,,,,,,
211,sell,bán,A-tinh-huong,vocab-sell-script-211,1,,,,72h,,,,,,,,,,
212,pay,trả tiền,B-cau-dung-ngay,vocab-pay-script-212,1,,,,24h,,,,,,,,,,
212,pay,trả tiền,B-cau-dung-ngay,vocab-pay-script-212,1,,,,72h,,,,,,,,,,
213,spend,tiêu tiền,A-tinh-huong,vocab-spend-script-213,1,,,,24h,,,,,,,,,,
213,spend,tiêu tiền,A-tinh-huong,vocab-spend-script-213,1,,,,72h,,,,,,,,,,
214,save,tiết kiệm,A-tinh-huong,vocab-save-script-214,1,,,,24h,,,,,,,,,,
214,save,tiết kiệm,A-tinh-huong,vocab-save-script-214,1,,,,72h,,,,,,,,,,
215,cost,có giá là,B-cau-dung-ngay,vocab-cost-script-215,1,,,,24h,,,,,,,,,,
215,cost,có giá là,B-cau-dung-ngay,vocab-cost-script-215,1,,,,72h,,,,,,,,,,
216,money,tiền,A-tinh-huong,vocab-money-script-216,1,,,,24h,,,,,,,,,,
216,money,tiền,A-tinh-huong,vocab-money-script-216,1,,,,72h,,,,,,,,,,
217,price,giá,B-cau-dung-ngay,vocab-price-script-217,1,,,,24h,,,,,,,,,,
217,price,giá,B-cau-dung-ngay,vocab-price-script-217,1,,,,72h,,,,,,,,,,
218,sale,đợt giảm giá,A-tinh-huong,vocab-sale-script-218,1,,,,24h,,,,,,,,,,
218,sale,đợt giảm giá,A-tinh-huong,vocab-sale-script-218,1,,,,72h,,,,,,,,,,
219,expensive,đắt,B-cau-dung-ngay,vocab-expensive-script-219,1,,,,24h,,,,,,,,,,
219,expensive,đắt,B-cau-dung-ngay,vocab-expensive-script-219,1,,,,72h,,,,,,,,,,
220,cheap,rẻ,A-tinh-huong,vocab-cheap-script-220,1,,,,24h,,,,,,,,,,
220,cheap,rẻ,A-tinh-huong,vocab-cheap-script-220,1,,,,72h,,,,,,,,,,
221,bank,ngân hàng,B-cau-dung-ngay,vocab-bank-script-221,1,,,,24h,,,,,,,,,,
221,bank,ngân hàng,B-cau-dung-ngay,vocab-bank-script-221,1,,,,72h,,,,,,,,,,
222,rich,giàu,A-tinh-huong,vocab-rich-script-222,1,,,,24h,,,,,,,,,,
222,rich,giàu,A-tinh-huong,vocab-rich-script-222,1,,,,72h,,,,,,,,,,
223,poor,nghèo,B-cau-dung-ngay,vocab-poor-script-223,1,,,,24h,,,,,,,,,,
223,poor,nghèo,B-cau-dung-ngay,vocab-poor-script-223,1,,,,72h,,,,,,,,,,
224,school,trường học,A-tinh-huong,vocab-school-script-224,1,,,,24h,,,,,,,,,,
224,school,trường học,A-tinh-huong,vocab-school-script-224,1,,,,72h,,,,,,,,,,
225,class,lớp học,A-tinh-huong,vocab-class-script-225,1,,,,24h,,,,,,,,,,
225,class,lớp học,A-tinh-huong,vocab-class-script-225,1,,,,72h,,,,,,,,,,
226,classroom,phòng học,B-cau-dung-ngay,vocab-classroom-script-226,1,,,,24h,,,,,,,,,,
226,classroom,phòng học,B-cau-dung-ngay,vocab-classroom-script-226,1,,,,72h,,,,,,,,,,
227,lesson,bài học,A-tinh-huong,vocab-lesson-script-227,1,,,,24h,,,,,,,,,,
227,lesson,bài học,A-tinh-huong,vocab-lesson-script-227,1,,,,72h,,,,,,,,,,
228,subject,môn học,B-cau-dung-ngay,vocab-subject-script-228,1,,,,24h,,,,,,,,,,
228,subject,môn học,B-cau-dung-ngay,vocab-subject-script-228,1,,,,72h,,,,,,,,,,
229,teacher,giáo viên,A-tinh-huong,vocab-teacher-script-229,1,,,,24h,,,,,,,,,,
229,teacher,giáo viên,A-tinh-huong,vocab-teacher-script-229,1,,,,72h,,,,,,,,,,
230,student,"học sinh, sinh viên",B-cau-dung-ngay,vocab-student-script-230,1,,,,24h,,,,,,,,,,
230,student,"học sinh, sinh viên",B-cau-dung-ngay,vocab-student-script-230,1,,,,72h,,,,,,,,,,
231,university,trường đại học,A-tinh-huong,vocab-university-script-231,1,,,,24h,,,,,,,,,,
231,university,trường đại học,A-tinh-huong,vocab-university-script-231,1,,,,72h,,,,,,,,,,
232,library,thư viện,B-cau-dung-ngay,vocab-library-script-232,1,,,,24h,,,,,,,,,,
232,library,thư viện,B-cau-dung-ngay,vocab-library-script-232,1,,,,72h,,,,,,,,,,
233,break,giờ ra chơi,A-tinh-huong,vocab-break-script-233,1,,,,24h,,,,,,,,,,
233,break,giờ ra chơi,A-tinh-huong,vocab-break-script-233,1,,,,72h,,,,,,,,,,
234,homework,bài tập về nhà,B-cau-dung-ngay,vocab-homework-script-234,1,,,,24h,,,,,,,,,,
234,homework,bài tập về nhà,B-cau-dung-ngay,vocab-homework-script-234,1,,,,72h,,,,,,,,,,
235,test,bài kiểm tra,A-tinh-huong,vocab-test-script-235,1,,,,24h,,,,,,,,,,
235,test,bài kiểm tra,A-tinh-huong,vocab-test-script-235,1,,,,72h,,,,,,,,,,
236,exam,kỳ thi,B-cau-dung-ngay,vocab-exam-script-236,1,,,,24h,,,,,,,,,,
236,exam,kỳ thi,B-cau-dung-ngay,vocab-exam-script-236,1,,,,72h,,,,,,,,,,
237,study,học,B-cau-dung-ngay,vocab-study-script-237,1,,,,24h,,,,,,,,,,
237,study,học,B-cau-dung-ngay,vocab-study-script-237,1,,,,72h,,,,,,,,,,
238,learn,"học được, tiếp thu",A-tinh-huong,vocab-learn-script-238,1,,,,24h,,,,,,,,,,
238,learn,"học được, tiếp thu",A-tinh-huong,vocab-learn-script-238,1,,,,72h,,,,,,,,,,
239,understand,hiểu,B-cau-dung-ngay,vocab-understand-script-239,1,,,,24h,,,,,,,,,,
239,understand,hiểu,B-cau-dung-ngay,vocab-understand-script-239,1,,,,72h,,,,,,,,,,
240,teach,dạy,B-cau-dung-ngay,vocab-teach-script-240,1,,,,24h,,,,,,,,,,
240,teach,dạy,B-cau-dung-ngay,vocab-teach-script-240,1,,,,72h,,,,,,,,,,
